id,firstname,lastname,email,age,profession
1,Alameda,Glenden,Alameda.Glenden@demo.com,41,developer
2,Bill,Thad,Bill.Thad@demo.com,77,police officer
3,Judy,Jammal,Judy.Jammal@demo.com,46,police officer
4,Caritta,Pyle,Caritta.Pyle@demo.com,35,developer
5,Alyssa,Oscar,Alyssa.Oscar@demo.com,53,doctor
6,Letizia,Sawtelle,Letizia.Sawtelle@demo.com,30,worker
7,Joane,Ciro,Joane.Ciro@demo.com,28,firefighter
8,Lanae,Pascia,Lanae.Pascia@demo.com,62,firefighter
9,Netty,Schalles,Netty.Schalles@demo.com,71,police officer
10,Paule,Gwenore,Paule.Gwenore@demo.com,78,firefighter
11,Sheree,Charmine,Sheree.Charmine@demo.com,66,firefighter
12,Mara,Teryn,Mara.Teryn@demo.com,79,doctor
13,Gwyneth,Delila,Gwyneth.Delila@demo.com,67,police officer
14,Noelle,Suk,Noelle.Suk@demo.com,59,police officer
15,Wynne,Leopold,Wynne.Leopold@demo.com,43,developer
16,Millie,Brady,Millie.Brady@demo.com,50,developer
17,Donnie,Margarete,Donnie.Margarete@demo.com,75,police officer
18,Beverley,Lemuela,Beverley.Lemuela@demo.com,27,police officer
19,Chloris,Saunderson,Chloris.Saunderson@demo.com,45,police officer
20,Carlie,Lory,Carlie.Lory@demo.com,65,doctor
21,Pamella,Andrel,Pamella.Andrel@demo.com,40,police officer
22,Shaylyn,Armanda,Shaylyn.Armanda@demo.com,80,doctor
23,Augustine,Janene,Augustine.Janene@demo.com,33,doctor
24,Jordan,Gladstone,Jordan.Gladstone@demo.com,56,developer
25,Mara,Erlandson,Mara.Erlandson@demo.com,38,doctor
26,Kirstin,Cherianne,Kirstin.Cherianne@demo.com,71,developer
27,Mady,Goode,Mady.Goode@demo.com,29,firefighter
28,Cassondra,Germann,Cassondra.Germann@demo.com,33,firefighter
29,Ulrike,Engdahl,Ulrike.Engdahl@demo.com,39,developer
30,Lucille,Carri,Lucille.Carri@demo.com,59,police officer
31,Camile,Meli,Camile.Meli@demo.com,42,firefighter
32,Jenilee,Jacqui,Jenilee.Jacqui@demo.com,56,doctor
33,Diena,Pacorro,Diena.Pacorro@demo.com,39,doctor
34,Annecorinne,Olin,Annecorinne.Olin@demo.com,42,worker
35,Leeanne,Nahum,Leeanne.Nahum@demo.com,22,doctor
36,Aeriela,Wind,Aeriela.Wind@demo.com,25,firefighter
37,Maud,Niles,Maud.Niles@demo.com,52,doctor
38,Abbie,Secrest,Abbie.Secrest@demo.com,22,worker
39,Corry,Euridice,Corry.Euridice@demo.com,56,police officer
40,Fayre,Peonir,Fayre.Peonir@demo.com,74,developer
41,Molli,Riordan,Molli.Riordan@demo.com,51,police officer
42,Mildrid,Sheedy,Mildrid.Sheedy@demo.com,55,police officer
43,Deirdre,Demitria,Deirdre.Demitria@demo.com,74,doctor
44,Alyssa,Edee,Alyssa.Edee@demo.com,58,developer
45,Julieta,Dahlia,Julieta.Dahlia@demo.com,48,developer
46,Tilly,Catie,Tilly.Catie@demo.com,44,doctor
47,Kirstin,Bari,Kirstin.Bari@demo.com,80,police officer
48,Karlee,Yoko,Karlee.Yoko@demo.com,37,police officer
49,Lucy,Gherardo,Lucy.Gherardo@demo.com,41,worker
50,Danika,Mendez,Danika.Mendez@demo.com,21,firefighter
51,Leeanne,Ventre,Leeanne.Ventre@demo.com,24,doctor
52,Zsa Zsa,Maxi,Zsa Zsa.Maxi@demo.com,25,police officer
53,Ayn,Cherianne,Ayn.Cherianne@demo.com,75,police officer
54,Lusa,Waldron,Lusa.Waldron@demo.com,77,police officer
55,Chastity,Gilmour,Chastity.Gilmour@demo.com,73,police officer
56,Genovera,Dermott,Genovera.Dermott@demo.com,63,worker
57,Lesly,Ricki,Lesly.Ricki@demo.com,40,doctor
58,Laure,Decato,Laure.Decato@demo.com,37,doctor
59,Orelia,Raimondo,Orelia.Raimondo@demo.com,24,police officer
60,Netty,Peonir,Netty.Peonir@demo.com,32,doctor
61,Gusella,Buttaro,Gusella.Buttaro@demo.com,50,police officer
62,Penelopa,Kirbee,Penelopa.Kirbee@demo.com,24,worker
63,Giustina,Linskey,Giustina.Linskey@demo.com,49,doctor
64,Jean,Minetta,Jean.Minetta@demo.com,68,developer
65,Hermione,Isacco,Hermione.Isacco@demo.com,47,police officer
66,Dawn,Vharat,Dawn.Vharat@demo.com,54,developer
67,Kirbee,Knowling,Kirbee.Knowling@demo.com,49,worker
68,Renae,Buckler,Renae.Buckler@demo.com,24,doctor
69,Caritta,Lewes,Caritta.Lewes@demo.com,30,doctor
70,Jean,Justinn,Jean.Justinn@demo.com,25,developer
71,Allyce,Gabrielli,Allyce.Gabrielli@demo.com,58,developer
72,Lynnea,Hubert,Lynnea.Hubert@demo.com,23,worker
73,Ingrid,Sisile,Ingrid.Sisile@demo.com,74,firefighter
74,Kayla,Zitvaa,Kayla.Zitvaa@demo.com,38,firefighter
75,Eugine,Fink,Eugine.Fink@demo.com,62,firefighter
76,Beatriz,Iaverne,Beatriz.Iaverne@demo.com,63,police officer
77,Natka,Agle,Natka.Agle@demo.com,50,developer
78,Charmaine,Codding,Charmaine.Codding@demo.com,53,firefighter
79,Agnese,Verger,Agnese.Verger@demo.com,80,doctor
80,Petronia,Meter,Petronia.Meter@demo.com,80,developer
81,Aubrie,Kolnick,Aubrie.Kolnick@demo.com,44,police officer
82,Courtnay,Naashom,Courtnay.Naashom@demo.com,72,doctor
83,Quintina,Daveta,Quintina.Daveta@demo.com,66,police officer
84,Tina,Wadell,Tina.Wadell@demo.com,45,firefighter
85,Ariela,Millda,Ariela.Millda@demo.com,75,firefighter
86,Selma,Tacye,Selma.Tacye@demo.com,67,worker
87,Alameda,Elvyn,Alameda.Elvyn@demo.com,58,worker
88,Peri,Martguerita,Peri.Martguerita@demo.com,60,worker
89,Alyssa,Anselmi,Alyssa.Anselmi@demo.com,67,worker
90,Vanessa,Maiah,Vanessa.Maiah@demo.com,58,worker
91,Genovera,An,Genovera.An@demo.com,63,police officer
92,Diena,Colleen,Diena.Colleen@demo.com,43,worker
93,Lyssa,Eno,Lyssa.Eno@demo.com,32,doctor
94,Kirstin,Heisel,Kirstin.Heisel@demo.com,33,worker
95,Mady,Byrne,Mady.Byrne@demo.com,62,firefighter
96,Aubrie,Chem,Aubrie.Chem@demo.com,80,developer
97,Zaria,Truc,Zaria.Truc@demo.com,76,worker
98,Flory,Nahum,Flory.Nahum@demo.com,32,police officer
99,Kary,Armanda,Kary.Armanda@demo.com,74,worker
100,Camile,Edee,Camile.Edee@demo.com,26,doctor
101,Bibby,Berriman,Bibby.Berriman@demo.com,34,doctor
102,Fidelia,Herrera,Fidelia.Herrera@demo.com,52,worker
103,Marjie,Imelida,Marjie.Imelida@demo.com,52,police officer
104,Hildegaard,Idelia,Hildegaard.Idelia@demo.com,81,firefighter
105,Edyth,Hortensia,Edyth.Hortensia@demo.com,37,firefighter
106,Nelle,Faria,Nelle.Faria@demo.com,53,firefighter
107,Dotty,Campball,Dotty.Campball@demo.com,45,firefighter
108,Viki,Karna,Viki.Karna@demo.com,39,firefighter
109,Nariko,Robertson,Nariko.Robertson@demo.com,39,firefighter
110,Gusella,Longfellow,Gusella.Longfellow@demo.com,24,worker
111,Carmencita,Uird,Carmencita.Uird@demo.com,76,police officer
112,Debee,Xerxes,Debee.Xerxes@demo.com,60,worker
113,Aili,Byrne,Aili.Byrne@demo.com,48,doctor
114,Blake,Flyn,Blake.Flyn@demo.com,38,developer
115,Steffane,Zrike,Steffane.Zrike@demo.com,31,firefighter
116,Ira,Desai,Ira.Desai@demo.com,54,firefighter
117,Roseline,Wolfgram,Roseline.Wolfgram@demo.com,45,doctor
118,Latisha,Kiyoshi,Latisha.Kiyoshi@demo.com,29,developer
119,Karena,Vivle,Karena.Vivle@demo.com,72,developer
120,Marika,Wadell,Marika.Wadell@demo.com,53,doctor
121,Gilligan,Sperling,Gilligan.Sperling@demo.com,63,police officer
122,Kittie,Charmine,Kittie.Charmine@demo.com,55,firefighter
123,Mildrid,Pettiford,Mildrid.Pettiford@demo.com,56,worker
124,Gilligan,Tatianas,Gilligan.Tatianas@demo.com,30,developer
125,Libbie,Stacy,Libbie.Stacy@demo.com,26,developer
126,Nannie,Dahlia,Nannie.Dahlia@demo.com,39,worker
127,Etta,Annabella,Etta.Annabella@demo.com,80,developer
128,Chere,Iaverne,Chere.Iaverne@demo.com,21,doctor
129,Gretal,Zenas,Gretal.Zenas@demo.com,80,worker
130,Madalyn,Lareena,Madalyn.Lareena@demo.com,36,doctor
131,Myrtice,Linskey,Myrtice.Linskey@demo.com,62,police officer
132,Katuscha,Hillel,Katuscha.Hillel@demo.com,34,firefighter
133,Vita,Lane,Vita.Lane@demo.com,45,firefighter
134,Ashlee,Hollingsworth,Ashlee.Hollingsworth@demo.com,59,developer
135,Veda,Boehike,Veda.Boehike@demo.com,79,developer
136,Nollie,Aida,Nollie.Aida@demo.com,60,police officer
137,Lynea,Lewes,Lynea.Lewes@demo.com,54,police officer
138,Corly,Maxi,Corly.Maxi@demo.com,23,firefighter
139,Sabina,Durante,Sabina.Durante@demo.com,65,police officer
140,Janis,Avi,Janis.Avi@demo.com,77,worker
141,Sissy,Macey,Sissy.Macey@demo.com,62,police officer
142,Meg,Hoenack,Meg.Hoenack@demo.com,59,police officer
143,Zsa Zsa,Obed,Zsa Zsa.Obed@demo.com,59,doctor
144,Yolane,Hedve,Yolane.Hedve@demo.com,34,developer
145,Nannie,O'Rourke,Nannie.O'Rourke@demo.com,26,doctor
146,Coral,Mallon,Coral.Mallon@demo.com,54,firefighter
147,Sean,Larochelle,Sean.Larochelle@demo.com,70,worker
148,Alex,Katrine,Alex.Katrine@demo.com,80,police officer
149,Carmencita,Pyle,Carmencita.Pyle@demo.com,65,police officer
150,Susette,Bonucci,Susette.Bonucci@demo.com,59,firefighter
151,Kayla,Rosemary,Kayla.Rosemary@demo.com,67,developer
152,Konstance,Iiette,Konstance.Iiette@demo.com,70,developer
153,Frances,Weitman,Frances.Weitman@demo.com,55,worker
154,Sabina,Faro,Sabina.Faro@demo.com,37,worker
155,Bobbi,Goldina,Bobbi.Goldina@demo.com,46,police officer
156,Gilligan,Isidore,Gilligan.Isidore@demo.com,79,worker
157,Sadie,Amethist,Sadie.Amethist@demo.com,80,worker
158,Sara-Ann,Ovid,Sara-Ann.Ovid@demo.com,28,worker
159,Harrietta,Jehu,Harrietta.Jehu@demo.com,36,doctor
160,Christian,Seagraves,Christian.Seagraves@demo.com,53,police officer
161,Gratia,Junie,Gratia.Junie@demo.com,65,police officer
162,Dominga,Hull,Dominga.Hull@demo.com,40,worker
163,Agnese,Barrus,Agnese.Barrus@demo.com,30,doctor
164,Dotty,Xerxes,Dotty.Xerxes@demo.com,24,doctor
165,Sara-Ann,Saree,Sara-Ann.Saree@demo.com,64,firefighter
166,Amelia,Anyah,Amelia.Anyah@demo.com,74,firefighter
167,Joeann,Hazlett,Joeann.Hazlett@demo.com,78,worker
168,Alex,Podvin,Alex.Podvin@demo.com,42,doctor
169,Nikki,Nore,Nikki.Nore@demo.com,71,police officer
170,Susan,Thornburg,Susan.Thornburg@demo.com,21,doctor
171,Ida,Faria,Ida.Faria@demo.com,66,worker
172,Demetris,Cynar,Demetris.Cynar@demo.com,65,doctor
173,Jolyn,Kevon,Jolyn.Kevon@demo.com,32,developer
174,Gratia,Magdalen,Gratia.Magdalen@demo.com,54,worker
175,Nelle,Pond,Nelle.Pond@demo.com,43,doctor
176,Alie,Hachmin,Alie.Hachmin@demo.com,73,worker
177,Jenilee,Edison,Jenilee.Edison@demo.com,78,worker
178,Viki,Maribeth,Viki.Maribeth@demo.com,36,police officer
179,Shell,Brittani,Shell.Brittani@demo.com,24,doctor
180,Maud,Elvyn,Maud.Elvyn@demo.com,28,firefighter
181,Minda,Brotherson,Minda.Brotherson@demo.com,42,developer
182,Meghann,Faust,Meghann.Faust@demo.com,39,firefighter
183,Tarra,Pond,Tarra.Pond@demo.com,38,police officer
184,Agathe,Westphal,Agathe.Westphal@demo.com,55,firefighter
185,Therine,Dom,Therine.Dom@demo.com,78,doctor
186,Ana,Euridice,Ana.Euridice@demo.com,47,developer
187,Mady,Peti,Mady.Peti@demo.com,47,police officer
188,Tina,Rese,Tina.Rese@demo.com,21,police officer
189,Sarette,Atcliffe,Sarette.Atcliffe@demo.com,47,firefighter
190,Juliane,Voletta,Juliane.Voletta@demo.com,47,police officer
191,Luci,Sperling,Luci.Sperling@demo.com,38,firefighter
192,Bee,Stilwell,Bee.Stilwell@demo.com,74,worker
193,Blake,Anselmi,Blake.Anselmi@demo.com,55,worker
194,Siana,Viddah,Siana.Viddah@demo.com,40,developer
195,Lulita,Brady,Lulita.Brady@demo.com,53,doctor
196,Cathyleen,Dulciana,Cathyleen.Dulciana@demo.com,37,developer
197,Lily,Kenney,Lily.Kenney@demo.com,51,police officer
198,Susette,McLaughlin,Susette.McLaughlin@demo.com,65,doctor
199,Frances,Dominy,Frances.Dominy@demo.com,73,police officer
200,Giustina,Waite,Giustina.Waite@demo.com,71,firefighter
201,Caressa,Vanni,Caressa.Vanni@demo.com,40,developer
202,Gabi,Shama,Gabi.Shama@demo.com,68,doctor
203,Gisela,Jobi,Gisela.Jobi@demo.com,28,worker
204,Hannis,Kauppi,Hannis.Kauppi@demo.com,62,police officer
205,Netty,Rebecka,Netty.Rebecka@demo.com,63,firefighter
206,Mathilda,Deny,Mathilda.Deny@demo.com,80,police officer
207,Modestia,Goth,Modestia.Goth@demo.com,45,worker
208,Lorne,Tannie,Lorne.Tannie@demo.com,53,firefighter
209,Marsiella,Ivens,Marsiella.Ivens@demo.com,41,developer
210,Cristabel,Ammann,Cristabel.Ammann@demo.com,28,worker
211,Mureil,Jess,Mureil.Jess@demo.com,41,police officer
212,Helena,Heisel,Helena.Heisel@demo.com,30,police officer
213,Tonia,Urania,Tonia.Urania@demo.com,40,doctor
214,Ricky,Vins,Ricky.Vins@demo.com,55,police officer
215,Paola,Toor,Paola.Toor@demo.com,40,developer
216,Priscilla,My,Priscilla.My@demo.com,37,developer
217,Lesly,Barrus,Lesly.Barrus@demo.com,39,developer
218,Brana,Helfand,Brana.Helfand@demo.com,60,doctor
219,Beverley,Edvard,Beverley.Edvard@demo.com,59,firefighter
220,Farrah,Bandeen,Farrah.Bandeen@demo.com,49,doctor
221,Rosaline,Barbey,Rosaline.Barbey@demo.com,49,worker
222,Dode,Argus,Dode.Argus@demo.com,65,developer
223,Thalia,Tippets,Thalia.Tippets@demo.com,51,developer
224,Christian,Tufts,Christian.Tufts@demo.com,34,developer
225,Lita,Lanita,Lita.Lanita@demo.com,73,doctor
226,Adelle,Byrne,Adelle.Byrne@demo.com,26,firefighter
227,Sybille,Horan,Sybille.Horan@demo.com,67,developer
228,Nicoli,Riva,Nicoli.Riva@demo.com,60,developer
229,June,Gaal,June.Gaal@demo.com,21,doctor
230,Arlena,Brandice,Arlena.Brandice@demo.com,64,police officer
231,Britte,Iphlgenia,Britte.Iphlgenia@demo.com,49,worker
232,Dyann,Hathaway,Dyann.Hathaway@demo.com,70,worker
233,Bobbi,Karl,Bobbi.Karl@demo.com,25,police officer
234,Heddie,Haerr,Heddie.Haerr@demo.com,36,worker
235,Briney,Grayce,Briney.Grayce@demo.com,50,developer
236,Etta,Brittani,Etta.Brittani@demo.com,69,worker
237,Anestassia,Nunci,Anestassia.Nunci@demo.com,57,firefighter
238,Babita,Yerkovich,Babita.Yerkovich@demo.com,53,firefighter
239,Katleen,Rosette,Katleen.Rosette@demo.com,37,firefighter
240,Yetty,Dorine,Yetty.Dorine@demo.com,42,developer
241,Sidoney,Bakerman,Sidoney.Bakerman@demo.com,46,firefighter
242,Corry,Juliet,Corry.Juliet@demo.com,28,doctor
243,Julieta,Idelia,Julieta.Idelia@demo.com,54,police officer
244,Ronna,Alice,Ronna.Alice@demo.com,71,firefighter
245,Lilith,Phaidra,Lilith.Phaidra@demo.com,43,firefighter
246,Wynne,Bow,Wynne.Bow@demo.com,66,firefighter
247,Basia,Cressida,Basia.Cressida@demo.com,42,firefighter
248,Etta,Trace,Etta.Trace@demo.com,78,doctor
249,Theodora,Margarete,Theodora.Margarete@demo.com,58,police officer
250,Chickie,Bibi,Chickie.Bibi@demo.com,32,developer
251,Florencia,Allare,Florencia.Allare@demo.com,75,worker
252,Goldie,Emmaline,Goldie.Emmaline@demo.com,52,firefighter
253,Agnese,Leler,Agnese.Leler@demo.com,59,doctor
254,Jennica,Belldas,Jennica.Belldas@demo.com,59,doctor
255,Deloria,Brittani,Deloria.Brittani@demo.com,33,police officer
256,Caryl,Bartlett,Caryl.Bartlett@demo.com,60,doctor
257,Althea,Rheingold,Althea.Rheingold@demo.com,57,doctor
258,Halette,Gualtiero,Halette.Gualtiero@demo.com,64,firefighter
259,Giustina,Joni,Giustina.Joni@demo.com,53,worker
260,Addia,Brunell,Addia.Brunell@demo.com,55,police officer
261,Lilith,Ries,Lilith.Ries@demo.com,49,developer
262,Shirlee,Lilybelle,Shirlee.Lilybelle@demo.com,73,worker
263,Xylina,Desai,Xylina.Desai@demo.com,78,worker
264,Candi,Vharat,Candi.Vharat@demo.com,42,developer
265,Violet,Suanne,Violet.Suanne@demo.com,53,doctor
266,Dulcinea,Felecia,Dulcinea.Felecia@demo.com,54,police officer
267,Rosanne,Monaco,Rosanne.Monaco@demo.com,21,developer
268,Kristan,Idelia,Kristan.Idelia@demo.com,34,worker
269,Brena,McLaughlin,Brena.McLaughlin@demo.com,35,doctor
270,Tatiania,Carmena,Tatiania.Carmena@demo.com,46,doctor
271,Danika,Schroth,Danika.Schroth@demo.com,71,police officer
272,Heddie,Kiyoshi,Heddie.Kiyoshi@demo.com,80,firefighter
273,Shel,Cordi,Shel.Cordi@demo.com,59,developer
274,Petronia,Mauer,Petronia.Mauer@demo.com,77,doctor
275,Jaclyn,Alfons,Jaclyn.Alfons@demo.com,59,firefighter
276,Lynea,Haymes,Lynea.Haymes@demo.com,49,developer
277,Adele,Maisey,Adele.Maisey@demo.com,40,developer
278,Lanae,Stanwood,Lanae.Stanwood@demo.com,40,worker
279,Genovera,Ade,Genovera.Ade@demo.com,64,police officer
280,Estell,Kesley,Estell.Kesley@demo.com,31,doctor
281,Kristan,Dalli,Kristan.Dalli@demo.com,78,worker
282,Janis,Grayce,Janis.Grayce@demo.com,79,developer
283,Brietta,Dominy,Brietta.Dominy@demo.com,59,police officer
284,Blondelle,Vacuva,Blondelle.Vacuva@demo.com,33,worker
285,Donnie,Minetta,Donnie.Minetta@demo.com,26,worker
286,Judy,Constancy,Judy.Constancy@demo.com,61,worker
287,Allyce,Jehu,Allyce.Jehu@demo.com,42,firefighter
288,Zsa Zsa,Larochelle,Zsa Zsa.Larochelle@demo.com,39,doctor
289,Dorice,Lamoree,Dorice.Lamoree@demo.com,52,doctor
290,Kate,Ulphia,Kate.Ulphia@demo.com,39,worker
291,Aimil,Berne,Aimil.Berne@demo.com,47,doctor
292,Riannon,Cookie,Riannon.Cookie@demo.com,43,firefighter
293,Yolane,Sadowski,Yolane.Sadowski@demo.com,26,developer
294,Zaria,Ruvolo,Zaria.Ruvolo@demo.com,66,developer
295,Gilligan,Henebry,Gilligan.Henebry@demo.com,60,doctor
296,Edith,Armanda,Edith.Armanda@demo.com,29,worker
297,Nickie,Clarissa,Nickie.Clarissa@demo.com,65,firefighter
298,Jaime,Cleavland,Jaime.Cleavland@demo.com,22,doctor
299,Dari,Vivle,Dari.Vivle@demo.com,43,police officer
300,Kylynn,Palocz,Kylynn.Palocz@demo.com,71,firefighter
301,Melodie,Stilwell,Melodie.Stilwell@demo.com,77,developer
302,Felice,Fleeta,Felice.Fleeta@demo.com,73,police officer
303,Mireielle,Franza,Mireielle.Franza@demo.com,38,police officer
304,Mathilda,Bergman,Mathilda.Bergman@demo.com,74,doctor
305,Gerrie,Bendick,Gerrie.Bendick@demo.com,31,police officer
306,Damaris,Hutchison,Damaris.Hutchison@demo.com,51,doctor
307,Doro,Fontana,Doro.Fontana@demo.com,29,worker
308,Merrie,Danby,Merrie.Danby@demo.com,24,developer
309,Lorenza,Jenness,Lorenza.Jenness@demo.com,27,worker
310,Raf,Buckler,Raf.Buckler@demo.com,60,doctor
311,Barbara,Cloris,Barbara.Cloris@demo.com,76,worker
312,Bettine,Eachern,Bettine.Eachern@demo.com,61,firefighter
313,Philis,Bonucci,Philis.Bonucci@demo.com,55,doctor
314,Alleen,Reneta,Alleen.Reneta@demo.com,27,firefighter
315,Marline,Rossner,Marline.Rossner@demo.com,30,police officer
316,Raquela,Grayce,Raquela.Grayce@demo.com,68,developer
317,Amelia,Deny,Amelia.Deny@demo.com,30,police officer
318,Sadie,Deny,Sadie.Deny@demo.com,22,worker
319,Penelopa,Capello,Penelopa.Capello@demo.com,46,developer
320,Darci,Bari,Darci.Bari@demo.com,29,doctor
321,Jenda,Kare,Jenda.Kare@demo.com,53,developer
322,Elbertina,Blake,Elbertina.Blake@demo.com,39,police officer
323,Merrie,Christine,Merrie.Christine@demo.com,21,doctor
324,Margette,Stefa,Margette.Stefa@demo.com,49,police officer
325,Celene,Thar,Celene.Thar@demo.com,75,doctor
326,Mignon,Luhe,Mignon.Luhe@demo.com,55,worker
327,Sherrie,Marijo,Sherrie.Marijo@demo.com,21,firefighter
328,Berta,Mandler,Berta.Mandler@demo.com,78,firefighter
329,Tabbatha,Valoniah,Tabbatha.Valoniah@demo.com,40,developer
330,Codie,Maisey,Codie.Maisey@demo.com,38,police officer
331,Gilligan,Rocray,Gilligan.Rocray@demo.com,23,developer
332,Beatriz,Dyche,Beatriz.Dyche@demo.com,76,developer
333,Tracey,Amasa,Tracey.Amasa@demo.com,51,worker
334,Cacilie,Hashim,Cacilie.Hashim@demo.com,56,developer
335,Dione,Milde,Dione.Milde@demo.com,69,police officer
336,Helsa,Kazimir,Helsa.Kazimir@demo.com,51,developer
337,Cathyleen,Goddard,Cathyleen.Goddard@demo.com,44,worker
338,Marika,Goode,Marika.Goode@demo.com,78,police officer
339,Janeczka,Syd,Janeczka.Syd@demo.com,59,developer
340,Selma,Emanuel,Selma.Emanuel@demo.com,21,doctor
341,Lucille,Jobi,Lucille.Jobi@demo.com,33,developer
342,Cyb,Giff,Cyb.Giff@demo.com,67,doctor
343,Debee,Newell,Debee.Newell@demo.com,31,firefighter
344,Ulrike,Adamsen,Ulrike.Adamsen@demo.com,75,developer
345,Mignon,Deny,Mignon.Deny@demo.com,73,worker
346,Sheelagh,Maribeth,Sheelagh.Maribeth@demo.com,58,doctor
347,Beatriz,Myrilla,Beatriz.Myrilla@demo.com,77,developer
348,Dyann,Fennessy,Dyann.Fennessy@demo.com,65,police officer
349,Margalo,Shuler,Margalo.Shuler@demo.com,61,developer
350,Ariela,Mata,Ariela.Mata@demo.com,50,worker
351,Lila,Goode,Lila.Goode@demo.com,59,worker
352,Lorie,Nedrud,Lorie.Nedrud@demo.com,33,developer
353,Verla,Lewes,Verla.Lewes@demo.com,58,worker
354,Ofilia,Hazlett,Ofilia.Hazlett@demo.com,23,firefighter
355,Pamella,Nunci,Pamella.Nunci@demo.com,62,worker
356,Iseabal,Sheng,Iseabal.Sheng@demo.com,40,developer
357,Cissiee,Quent,Cissiee.Quent@demo.com,27,firefighter
358,Kassey,Daniele,Kassey.Daniele@demo.com,74,police officer
359,Gerrie,Eiser,Gerrie.Eiser@demo.com,43,police officer
360,Evita,Grayce,Evita.Grayce@demo.com,52,firefighter
361,Dione,Israeli,Dione.Israeli@demo.com,61,doctor
362,Letizia,Tacye,Letizia.Tacye@demo.com,45,firefighter
363,Lexine,Cecile,Lexine.Cecile@demo.com,37,police officer
364,Randa,Lemuela,Randa.Lemuela@demo.com,79,worker
365,Trixi,Tiffa,Trixi.Tiffa@demo.com,64,worker
366,Janey,Gwenore,Janey.Gwenore@demo.com,66,police officer
367,Belinda,Payson,Belinda.Payson@demo.com,68,doctor
368,Leia,Lissi,Leia.Lissi@demo.com,26,police officer
369,Heddie,Mich,Heddie.Mich@demo.com,65,developer
370,Alleen,Helve,Alleen.Helve@demo.com,59,firefighter
371,Aimil,Olympium,Aimil.Olympium@demo.com,32,doctor
372,Elise,Sibyls,Elise.Sibyls@demo.com,63,firefighter
373,Sheelagh,Ajay,Sheelagh.Ajay@demo.com,69,firefighter
374,Penelopa,Wildermuth,Penelopa.Wildermuth@demo.com,29,firefighter
375,Nananne,Byrne,Nananne.Byrne@demo.com,26,police officer
376,Dorothy,Keelia,Dorothy.Keelia@demo.com,68,doctor
377,Gale,Rolf,Gale.Rolf@demo.com,42,doctor
378,Lorenza,Keily,Lorenza.Keily@demo.com,39,firefighter
379,Elsie,Swanhildas,Elsie.Swanhildas@demo.com,33,firefighter
380,Hayley,Ciro,Hayley.Ciro@demo.com,26,worker
381,Gusty,Wilkinson,Gusty.Wilkinson@demo.com,56,firefighter
382,Devina,Malina,Devina.Malina@demo.com,37,developer
383,Berta,Darrell,Berta.Darrell@demo.com,43,worker
384,Deane,Zenas,Deane.Zenas@demo.com,52,worker
385,Aubrie,Noelyn,Aubrie.Noelyn@demo.com,28,police officer
386,Cathie,Luhe,Cathie.Luhe@demo.com,58,worker
387,Asia,Wildermuth,Asia.Wildermuth@demo.com,45,developer
388,Janey,McAdams,Janey.McAdams@demo.com,22,police officer
389,Ilse,Buckler,Ilse.Buckler@demo.com,24,developer
390,Micheline,Evangelia,Micheline.Evangelia@demo.com,54,firefighter
391,Aaren,Burch,Aaren.Burch@demo.com,70,doctor
392,Corene,Bethany,Corene.Bethany@demo.com,32,police officer
393,Suzette,Knowling,Suzette.Knowling@demo.com,80,worker
394,Viki,Philipp,Viki.Philipp@demo.com,32,firefighter
395,Dawn,Argus,Dawn.Argus@demo.com,44,developer
396,Anthia,Fax,Anthia.Fax@demo.com,29,developer
397,Robinia,Seligman,Robinia.Seligman@demo.com,60,doctor
398,Brooks,Reidar,Brooks.Reidar@demo.com,59,doctor
399,Ursulina,Terencio,Ursulina.Terencio@demo.com,52,developer
400,Nananne,Lattie,Nananne.Lattie@demo.com,74,police officer
401,Dorene,Orelee,Dorene.Orelee@demo.com,32,worker
402,Pamella,Noam,Pamella.Noam@demo.com,74,developer
403,Chloris,Daegal,Chloris.Daegal@demo.com,40,firefighter
404,Ricky,Riva,Ricky.Riva@demo.com,27,doctor
405,Leia,Olin,Leia.Olin@demo.com,43,doctor
406,Lindie,Hartnett,Lindie.Hartnett@demo.com,36,developer
407,Trudie,Clara,Trudie.Clara@demo.com,79,firefighter
408,Elvira,Carolin,Elvira.Carolin@demo.com,65,worker
409,Deloria,Birdella,Deloria.Birdella@demo.com,27,police officer
410,Amelia,Roscoe,Amelia.Roscoe@demo.com,39,police officer
411,Theodora,Carleen,Theodora.Carleen@demo.com,50,police officer
412,Renae,Jacobah,Renae.Jacobah@demo.com,51,developer
413,Dianemarie,Arathorn,Dianemarie.Arathorn@demo.com,50,firefighter
414,Kalina,Japeth,Kalina.Japeth@demo.com,28,developer
415,Elvira,Gemini,Elvira.Gemini@demo.com,25,doctor
416,Antonietta,Emanuel,Antonietta.Emanuel@demo.com,76,worker
417,Orelia,Janith,Orelia.Janith@demo.com,60,developer
418,Elfreda,Fancie,Elfreda.Fancie@demo.com,24,doctor
419,Annaliese,August,Annaliese.August@demo.com,52,police officer
420,Mathilda,Kathie,Mathilda.Kathie@demo.com,79,worker
421,Benita,Infield,Benita.Infield@demo.com,72,worker
422,Pollyanna,Wittie,Pollyanna.Wittie@demo.com,65,firefighter
423,Deane,Hermes,Deane.Hermes@demo.com,21,police officer
424,Starla,An,Starla.An@demo.com,64,doctor
425,Johna,Lilybelle,Johna.Lilybelle@demo.com,33,police officer
426,Roseline,Delila,Roseline.Delila@demo.com,47,doctor
427,Jerry,Joni,Jerry.Joni@demo.com,70,police officer
428,Corly,Uund,Corly.Uund@demo.com,46,firefighter
429,Molli,Ilka,Molli.Ilka@demo.com,31,worker
430,Winny,Shanley,Winny.Shanley@demo.com,31,doctor
431,Carlie,Colleen,Carlie.Colleen@demo.com,63,police officer
432,Belva,Paton,Belva.Paton@demo.com,57,developer
433,Ariela,Cadmar,Ariela.Cadmar@demo.com,26,firefighter
434,Leanna,Delila,Leanna.Delila@demo.com,75,worker
435,Cam,Wooster,Cam.Wooster@demo.com,69,police officer
436,Britni,Gombach,Britni.Gombach@demo.com,70,developer
437,Genevra,Wildermuth,Genevra.Wildermuth@demo.com,39,police officer
438,Tarra,Obed,Tarra.Obed@demo.com,73,police officer
439,Dorthy,Bury,Dorthy.Bury@demo.com,39,developer
440,Elora,Shuler,Elora.Shuler@demo.com,41,developer
441,Charissa,Agle,Charissa.Agle@demo.com,59,developer
442,Adelle,Cath,Adelle.Cath@demo.com,50,developer
443,Cacilie,Nea,Cacilie.Nea@demo.com,30,developer
444,Hope,Berne,Hope.Berne@demo.com,38,developer
445,Lexine,Schenck,Lexine.Schenck@demo.com,70,firefighter
446,Regina,Junie,Regina.Junie@demo.com,43,firefighter
447,Deedee,Noman,Deedee.Noman@demo.com,54,worker
448,Andeee,Kussell,Andeee.Kussell@demo.com,49,developer
449,Eolanda,Uund,Eolanda.Uund@demo.com,32,worker
450,Liana,Douglass,Liana.Douglass@demo.com,24,developer
451,Lily,Terencio,Lily.Terencio@demo.com,26,firefighter
452,Lisette,Prober,Lisette.Prober@demo.com,22,firefighter
453,Sindee,Codding,Sindee.Codding@demo.com,31,developer
454,Pearline,Roche,Pearline.Roche@demo.com,35,worker
455,Aigneis,Demitria,Aigneis.Demitria@demo.com,69,police officer
456,Konstance,Serilda,Konstance.Serilda@demo.com,50,doctor
457,Sam,Raama,Sam.Raama@demo.com,39,doctor
458,Dacia,Regan,Dacia.Regan@demo.com,56,developer
459,Tybie,Hazlett,Tybie.Hazlett@demo.com,63,police officer
460,Ann-Marie,Kiyoshi,Ann-Marie.Kiyoshi@demo.com,59,firefighter
461,Natka,McGrody,Natka.McGrody@demo.com,67,firefighter
462,Shauna,Nadia,Shauna.Nadia@demo.com,40,doctor
463,Correy,Colbert,Correy.Colbert@demo.com,23,worker
464,Phylis,Bobbee,Phylis.Bobbee@demo.com,21,police officer
465,Calla,Deny,Calla.Deny@demo.com,38,firefighter
466,Dagmar,Cadmar,Dagmar.Cadmar@demo.com,55,firefighter
467,Krystle,Secrest,Krystle.Secrest@demo.com,29,doctor
468,Mariele,Gladstone,Mariele.Gladstone@demo.com,22,worker
469,Alleen,Fancie,Alleen.Fancie@demo.com,46,police officer
470,Elka,Geffner,Elka.Geffner@demo.com,78,doctor
471,Quintina,Koziara,Quintina.Koziara@demo.com,28,worker
472,Roxane,Elisha,Roxane.Elisha@demo.com,71,firefighter
473,Rhea,Newell,Rhea.Newell@demo.com,70,doctor
474,Louella,Elvyn,Louella.Elvyn@demo.com,24,firefighter
475,Mara,Gillan,Mara.Gillan@demo.com,38,firefighter
476,Gwyneth,Tound,Gwyneth.Tound@demo.com,49,firefighter
477,Rori,Afton,Rori.Afton@demo.com,37,police officer
478,Ardys,Amethist,Ardys.Amethist@demo.com,41,worker
479,Carmela,Sholley,Carmela.Sholley@demo.com,30,developer
480,Shauna,Hoenack,Shauna.Hoenack@demo.com,51,doctor
481,Ursulina,Dalli,Ursulina.Dalli@demo.com,24,worker
482,Cherrita,Goddard,Cherrita.Goddard@demo.com,35,police officer
483,Christy,Fitzsimmons,Christy.Fitzsimmons@demo.com,75,police officer
484,Nikki,Montgomery,Nikki.Montgomery@demo.com,74,police officer
485,Brena,Delp,Brena.Delp@demo.com,68,worker
486,Sherrie,Nadia,Sherrie.Nadia@demo.com,22,doctor
487,Bobbi,Philipp,Bobbi.Philipp@demo.com,29,police officer
488,Jorry,Wooster,Jorry.Wooster@demo.com,56,developer
489,Yvonne,Cutlerr,Yvonne.Cutlerr@demo.com,39,police officer
490,Jackie,Macey,Jackie.Macey@demo.com,33,worker
491,Annecorinne,Naashom,Annecorinne.Naashom@demo.com,70,developer
492,Mara,Weaks,Mara.Weaks@demo.com,56,developer
493,Hallie,Kenwood,Hallie.Kenwood@demo.com,26,police officer
494,Lanna,Olympium,Lanna.Olympium@demo.com,45,developer
495,Marcelline,Roumell,Marcelline.Roumell@demo.com,61,police officer
496,Alisha,Han,Alisha.Han@demo.com,78,doctor
497,Emilia,Munn,Emilia.Munn@demo.com,56,developer
498,Noelle,Cordi,Noelle.Cordi@demo.com,24,doctor
499,Cecile,Koziara,Cecile.Koziara@demo.com,76,firefighter
500,Tonia,Edvard,Tonia.Edvard@demo.com,75,police officer
501,Annice,Percy,Annice.Percy@demo.com,71,doctor
502,Marika,Fax,Marika.Fax@demo.com,36,firefighter
503,Sherrie,Henebry,Sherrie.Henebry@demo.com,39,doctor
504,Leona,Therine,Leona.Therine@demo.com,39,doctor
505,Sherrie,Amadas,Sherrie.Amadas@demo.com,35,developer
506,Viviene,Schwejda,Viviene.Schwejda@demo.com,57,doctor
507,Tani,Velick,Tani.Velick@demo.com,61,firefighter
508,Gretal,Land,Gretal.Land@demo.com,80,worker
509,Lauryn,Jethro,Lauryn.Jethro@demo.com,36,developer
510,Shandie,Wattenberg,Shandie.Wattenberg@demo.com,60,doctor
511,Nananne,Trey,Nananne.Trey@demo.com,73,doctor
512,Gisela,Niles,Gisela.Niles@demo.com,75,doctor
513,Nickie,Richers,Nickie.Richers@demo.com,58,worker
514,Myrtice,Liva,Myrtice.Liva@demo.com,61,police officer
515,Wendi,Wittie,Wendi.Wittie@demo.com,36,developer
516,Anica,Orelee,Anica.Orelee@demo.com,54,doctor
517,Fina,Isacco,Fina.Isacco@demo.com,56,worker
518,Joeann,Voletta,Joeann.Voletta@demo.com,58,worker
519,Letizia,Kussell,Letizia.Kussell@demo.com,54,doctor
520,Ottilie,Leopold,Ottilie.Leopold@demo.com,54,worker
521,Angela,Natica,Angela.Natica@demo.com,78,developer
522,Nikki,Angelis,Nikki.Angelis@demo.com,56,firefighter
523,Bibby,Mich,Bibby.Mich@demo.com,41,doctor
524,Roslyn,Socha,Roslyn.Socha@demo.com,41,police officer
525,Louella,Jerold,Louella.Jerold@demo.com,22,doctor
526,Nonnah,Pip,Nonnah.Pip@demo.com,72,worker
527,Carolina,Girardo,Carolina.Girardo@demo.com,28,doctor
528,Robbi,Corilla,Robbi.Corilla@demo.com,63,police officer
529,Libbie,Loeb,Libbie.Loeb@demo.com,36,worker
530,Rochette,Trey,Rochette.Trey@demo.com,28,firefighter
531,Tybie,Strephon,Tybie.Strephon@demo.com,35,worker
532,Loree,Mich,Loree.Mich@demo.com,35,firefighter
533,Tonia,Annice,Tonia.Annice@demo.com,48,worker
534,Myrtice,Leffen,Myrtice.Leffen@demo.com,29,developer
535,Harrietta,Dyche,Harrietta.Dyche@demo.com,27,developer
536,Gratia,Byrne,Gratia.Byrne@demo.com,29,firefighter
537,Cacilie,Virgin,Cacilie.Virgin@demo.com,80,doctor
538,Chere,Matthew,Chere.Matthew@demo.com,74,doctor
539,Anthia,Lane,Anthia.Lane@demo.com,28,developer
540,Jany,Dom,Jany.Dom@demo.com,50,worker
541,Antonietta,Paine,Antonietta.Paine@demo.com,30,doctor
542,Heida,Ummersen,Heida.Ummersen@demo.com,70,doctor
543,Nonnah,Mathilde,Nonnah.Mathilde@demo.com,81,developer
544,Hollie,Carleen,Hollie.Carleen@demo.com,53,developer
545,Evaleen,Margret,Evaleen.Margret@demo.com,54,worker
546,Kirbee,Lail,Kirbee.Lail@demo.com,42,doctor
547,Betta,Latini,Betta.Latini@demo.com,64,police officer
548,Meriel,Zrike,Meriel.Zrike@demo.com,54,doctor
549,Edith,Meter,Edith.Meter@demo.com,62,developer
550,Gerrie,Kaja,Gerrie.Kaja@demo.com,63,worker
551,Claudina,Parette,Claudina.Parette@demo.com,61,worker
552,Gwyneth,Bartlett,Gwyneth.Bartlett@demo.com,68,firefighter
553,Gloria,Hebner,Gloria.Hebner@demo.com,34,police officer
554,Judy,Pitt,Judy.Pitt@demo.com,72,developer
555,Marjie,Longfellow,Marjie.Longfellow@demo.com,26,worker
556,Brynna,Daveta,Brynna.Daveta@demo.com,23,firefighter
557,Gui,Socha,Gui.Socha@demo.com,72,developer
558,Nanete,Elephus,Nanete.Elephus@demo.com,32,doctor
559,Taffy,Clywd,Taffy.Clywd@demo.com,57,firefighter
560,Mureil,Demitria,Mureil.Demitria@demo.com,25,firefighter
561,Ada,Gilmour,Ada.Gilmour@demo.com,65,developer
562,Charmaine,Stefa,Charmaine.Stefa@demo.com,55,police officer
563,Marleah,Fitzsimmons,Marleah.Fitzsimmons@demo.com,40,worker
564,Fanchon,Shuler,Fanchon.Shuler@demo.com,72,developer
565,Phylis,Breed,Phylis.Breed@demo.com,25,developer
566,Clary,Kussell,Clary.Kussell@demo.com,66,developer
567,Nataline,Dulciana,Nataline.Dulciana@demo.com,28,doctor
568,Drucie,Fancie,Drucie.Fancie@demo.com,78,developer
569,Cristine,Honoria,Cristine.Honoria@demo.com,34,worker
570,Lily,Johanna,Lily.Johanna@demo.com,52,worker
571,Josephine,Angelis,Josephine.Angelis@demo.com,72,doctor
572,Nelle,Mayeda,Nelle.Mayeda@demo.com,46,doctor
573,Vonny,Izaak,Vonny.Izaak@demo.com,37,police officer
574,Mureil,Gaspard,Mureil.Gaspard@demo.com,75,doctor
575,Katleen,Dyche,Katleen.Dyche@demo.com,32,firefighter
576,Larine,Hebner,Larine.Hebner@demo.com,29,firefighter
577,Marguerite,Tillford,Marguerite.Tillford@demo.com,50,firefighter
578,Molli,Parsaye,Molli.Parsaye@demo.com,68,police officer
579,Blondelle,Lutero,Blondelle.Lutero@demo.com,75,worker
580,Florie,Nunci,Florie.Nunci@demo.com,48,police officer
581,Laurene,Crudden,Laurene.Crudden@demo.com,77,police officer
582,Cherilyn,Nedrud,Cherilyn.Nedrud@demo.com,72,firefighter
583,Maye,Gavrila,Maye.Gavrila@demo.com,72,police officer
584,Leona,Neils,Leona.Neils@demo.com,48,worker
585,Bertine,Sherrie,Bertine.Sherrie@demo.com,37,worker
586,Darci,Kirstin,Darci.Kirstin@demo.com,28,developer
587,Aaren,Hathaway,Aaren.Hathaway@demo.com,43,doctor
588,Bobbi,Olin,Bobbi.Olin@demo.com,37,doctor
589,Madeleine,Deny,Madeleine.Deny@demo.com,57,police officer
590,Almeta,Hailee,Almeta.Hailee@demo.com,68,doctor
591,Odessa,Gavrila,Odessa.Gavrila@demo.com,36,developer
592,Claresta,Pacorro,Claresta.Pacorro@demo.com,70,police officer
593,Gusty,Gavrila,Gusty.Gavrila@demo.com,44,police officer
594,Ketti,Merat,Ketti.Merat@demo.com,64,doctor
595,Marline,Sacken,Marline.Sacken@demo.com,74,worker
596,Linet,Erich,Linet.Erich@demo.com,33,developer
597,Mara,Estella,Mara.Estella@demo.com,35,developer
598,Rhea,Lasley,Rhea.Lasley@demo.com,32,doctor
599,Johna,Jerold,Johna.Jerold@demo.com,81,firefighter
600,Darci,Engdahl,Darci.Engdahl@demo.com,79,worker
601,Korrie,Lareena,Korrie.Lareena@demo.com,64,doctor
602,Taffy,Prober,Taffy.Prober@demo.com,53,firefighter
603,Sibella,Screens,Sibella.Screens@demo.com,25,doctor
604,Joeann,Pelagias,Joeann.Pelagias@demo.com,61,police officer
605,Demetris,Anastatius,Demetris.Anastatius@demo.com,64,worker
606,Dawn,Karl,Dawn.Karl@demo.com,37,doctor
607,Starla,Roscoe,Starla.Roscoe@demo.com,74,worker
608,Allyce,Heidt,Allyce.Heidt@demo.com,47,police officer
609,Philis,Ashely,Philis.Ashely@demo.com,34,firefighter
610,Elena,Nicoline,Elena.Nicoline@demo.com,74,developer
611,Candy,Sharl,Candy.Sharl@demo.com,47,worker
612,Ana,Ogren,Ana.Ogren@demo.com,29,police officer
613,Imojean,Bergman,Imojean.Bergman@demo.com,71,developer
614,Roslyn,Poppy,Roslyn.Poppy@demo.com,36,police officer
615,Cissiee,Weinreb,Cissiee.Weinreb@demo.com,20,developer
616,Meriel,Shelba,Meriel.Shelba@demo.com,24,worker
617,Elka,Trey,Elka.Trey@demo.com,21,firefighter
618,Kalina,Friede,Kalina.Friede@demo.com,40,doctor
619,Jillayne,Burch,Jillayne.Burch@demo.com,28,doctor
620,Aurelie,Blake,Aurelie.Blake@demo.com,61,police officer
621,Minne,Dituri,Minne.Dituri@demo.com,61,doctor
622,Shell,Lucienne,Shell.Lucienne@demo.com,79,developer
623,Molli,Israeli,Molli.Israeli@demo.com,64,firefighter
624,Lacie,Kaja,Lacie.Kaja@demo.com,79,firefighter
625,Audrie,Carri,Audrie.Carri@demo.com,62,worker
626,Juliane,Regan,Juliane.Regan@demo.com,22,worker
627,Vita,Niccolo,Vita.Niccolo@demo.com,71,firefighter
628,Angela,Palocz,Angela.Palocz@demo.com,63,police officer
629,Sheelagh,Khorma,Sheelagh.Khorma@demo.com,51,worker
630,Nataline,Dimitris,Nataline.Dimitris@demo.com,46,police officer
631,Kimmy,Chauncey,Kimmy.Chauncey@demo.com,29,developer
632,Estell,Hurley,Estell.Hurley@demo.com,35,doctor
633,Anallese,Cath,Anallese.Cath@demo.com,57,worker
634,Margette,Barrus,Margette.Barrus@demo.com,33,doctor
635,Doralynne,Bach,Doralynne.Bach@demo.com,56,firefighter
636,Kathi,Hewitt,Kathi.Hewitt@demo.com,45,police officer
637,Dacia,Leopold,Dacia.Leopold@demo.com,57,police officer
638,Myriam,Cutlerr,Myriam.Cutlerr@demo.com,63,police officer
639,Reeba,Kinnard,Reeba.Kinnard@demo.com,63,developer
640,Rosaline,Viddah,Rosaline.Viddah@demo.com,70,worker
641,Diena,Esmaria,Diena.Esmaria@demo.com,36,firefighter
642,Heddie,Lymann,Heddie.Lymann@demo.com,21,developer
643,Vinita,Nisbet,Vinita.Nisbet@demo.com,45,police officer
644,Oona,Fredi,Oona.Fredi@demo.com,73,police officer
645,Margalo,Bates,Margalo.Bates@demo.com,59,worker
646,Sue,Gombach,Sue.Gombach@demo.com,59,police officer
647,Nickie,Cookie,Nickie.Cookie@demo.com,63,police officer
648,Maryellen,Cookie,Maryellen.Cookie@demo.com,41,doctor
649,Fayre,Arne,Fayre.Arne@demo.com,46,police officer
650,Genevra,Katrine,Genevra.Katrine@demo.com,72,police officer
651,Norine,Clarissa,Norine.Clarissa@demo.com,60,developer
652,Briney,Edison,Briney.Edison@demo.com,29,developer
653,Daphne,Cressida,Daphne.Cressida@demo.com,33,police officer
654,Carilyn,Pillsbury,Carilyn.Pillsbury@demo.com,23,doctor
655,Gwenneth,Dalli,Gwenneth.Dalli@demo.com,33,developer
656,Christal,Burkle,Christal.Burkle@demo.com,25,developer
657,Dotty,Bearnard,Dotty.Bearnard@demo.com,79,doctor
658,Jessamyn,Drus,Jessamyn.Drus@demo.com,79,firefighter
659,Sandie,Marlie,Sandie.Marlie@demo.com,50,doctor
660,Deane,Noam,Deane.Noam@demo.com,23,developer
661,Desirae,Brandice,Desirae.Brandice@demo.com,38,doctor
662,Merrie,Papageno,Merrie.Papageno@demo.com,43,doctor
663,Valli,Kelula,Valli.Kelula@demo.com,62,worker
664,Lita,Dash,Lita.Dash@demo.com,60,firefighter
665,Karly,Timon,Karly.Timon@demo.com,31,developer
666,Elsie,Scammon,Elsie.Scammon@demo.com,55,worker
667,Myriam,Gladstone,Myriam.Gladstone@demo.com,55,firefighter
668,Merrie,Ortrude,Merrie.Ortrude@demo.com,22,developer
669,Wynne,Gert,Wynne.Gert@demo.com,40,firefighter
670,Starla,Gwenore,Starla.Gwenore@demo.com,21,doctor
671,Ayn,Gregrory,Ayn.Gregrory@demo.com,60,doctor
672,Asia,Abernon,Asia.Abernon@demo.com,25,developer
673,Hayley,Margarete,Hayley.Margarete@demo.com,25,developer
674,Ginnie,Vittoria,Ginnie.Vittoria@demo.com,53,worker
675,Libbie,Leopold,Libbie.Leopold@demo.com,63,worker
676,Brooks,Saree,Brooks.Saree@demo.com,33,worker
677,Elena,Boehike,Elena.Boehike@demo.com,49,doctor
678,Chandra,Vorster,Chandra.Vorster@demo.com,35,developer
679,Paule,Ioab,Paule.Ioab@demo.com,48,firefighter
680,Debee,Obed,Debee.Obed@demo.com,57,worker
681,Starla,Ietta,Starla.Ietta@demo.com,21,firefighter
682,Alyssa,Malvino,Alyssa.Malvino@demo.com,73,firefighter
683,Queenie,Abernon,Queenie.Abernon@demo.com,36,developer
684,Eugine,Hertzfeld,Eugine.Hertzfeld@demo.com,45,worker
685,Kassey,Dorcy,Kassey.Dorcy@demo.com,78,doctor
686,Antonietta,Maisey,Antonietta.Maisey@demo.com,38,police officer
687,Farrah,Beebe,Farrah.Beebe@demo.com,70,developer
688,Jerry,Marisa,Jerry.Marisa@demo.com,74,police officer
689,Nananne,Idelia,Nananne.Idelia@demo.com,34,police officer
690,Georgina,Destinee,Georgina.Destinee@demo.com,66,developer
691,Joy,Diogenes,Joy.Diogenes@demo.com,47,worker
692,Sallie,Lynn,Sallie.Lynn@demo.com,64,doctor
693,Estell,Sharl,Estell.Sharl@demo.com,79,firefighter
694,Debee,Stuart,Debee.Stuart@demo.com,34,firefighter
695,Rani,Dalli,Rani.Dalli@demo.com,37,firefighter
696,Sharai,Lutero,Sharai.Lutero@demo.com,60,firefighter
697,Josephine,Louanna,Josephine.Louanna@demo.com,20,firefighter
698,Jessamyn,Narton,Jessamyn.Narton@demo.com,44,police officer
699,Estell,Hoenack,Estell.Hoenack@demo.com,24,developer
700,Pierette,Byrne,Pierette.Byrne@demo.com,40,doctor
701,Miquela,Neils,Miquela.Neils@demo.com,57,developer
702,Korrie,Loeb,Korrie.Loeb@demo.com,67,developer
703,Cissiee,Schlosser,Cissiee.Schlosser@demo.com,73,developer
704,Modestia,Frendel,Modestia.Frendel@demo.com,70,police officer
705,Letizia,Ovid,Letizia.Ovid@demo.com,32,police officer
706,Gianina,Remmer,Gianina.Remmer@demo.com,39,firefighter
707,Mamie,Jillane,Mamie.Jillane@demo.com,35,developer
708,Corene,Annice,Corene.Annice@demo.com,48,worker
709,Ernesta,Cristi,Ernesta.Cristi@demo.com,38,doctor
710,Elmira,Rooney,Elmira.Rooney@demo.com,64,worker
711,Ira,Adlare,Ira.Adlare@demo.com,64,developer
712,Cordi,Merna,Cordi.Merna@demo.com,73,doctor
713,Valeda,Francyne,Valeda.Francyne@demo.com,58,police officer
714,Merrie,Harday,Merrie.Harday@demo.com,56,police officer
715,Teddie,Sinegold,Teddie.Sinegold@demo.com,80,police officer
716,Sam,Payson,Sam.Payson@demo.com,30,developer
717,Louella,Monk,Louella.Monk@demo.com,36,firefighter
718,Melanie,Ball,Melanie.Ball@demo.com,43,firefighter
719,Meghann,Byrne,Meghann.Byrne@demo.com,21,police officer
720,Patricia,Olympium,Patricia.Olympium@demo.com,38,firefighter
721,Emelina,Ahab,Emelina.Ahab@demo.com,25,worker
722,Feliza,Grayce,Feliza.Grayce@demo.com,74,worker
723,Daphne,Gualtiero,Daphne.Gualtiero@demo.com,58,firefighter
724,Caryl,Mike,Caryl.Mike@demo.com,45,firefighter
725,Inga,Rubie,Inga.Rubie@demo.com,30,worker
726,Tomasina,Garlinda,Tomasina.Garlinda@demo.com,78,firefighter
727,Elvira,Roarke,Elvira.Roarke@demo.com,46,worker
728,Elora,Travax,Elora.Travax@demo.com,41,police officer
729,Abbie,Milson,Abbie.Milson@demo.com,44,police officer
730,Gaylene,Morgun,Gaylene.Morgun@demo.com,43,worker
731,Elena,Edee,Elena.Edee@demo.com,41,worker
732,Eadie,Aurelio,Eadie.Aurelio@demo.com,54,firefighter
733,Nadine,Seumas,Nadine.Seumas@demo.com,58,doctor
734,Berget,Brunell,Berget.Brunell@demo.com,70,police officer
735,Ardys,Kaete,Ardys.Kaete@demo.com,44,developer
736,Caritta,Cadmar,Caritta.Cadmar@demo.com,39,police officer
737,Chickie,Ader,Chickie.Ader@demo.com,68,firefighter
738,Drucie,Avi,Drucie.Avi@demo.com,45,police officer
739,Charmaine,Afton,Charmaine.Afton@demo.com,73,worker
740,Christy,Bari,Christy.Bari@demo.com,68,police officer
741,Karlee,Alisia,Karlee.Alisia@demo.com,25,doctor
742,Fawne,Concha,Fawne.Concha@demo.com,78,firefighter
743,Agnese,Secrest,Agnese.Secrest@demo.com,35,worker
744,Edyth,Vharat,Edyth.Vharat@demo.com,45,developer
745,Jordan,Gladstone,Jordan.Gladstone@demo.com,50,worker
746,Shell,Dyche,Shell.Dyche@demo.com,78,worker
747,Lynnea,Zina,Lynnea.Zina@demo.com,64,firefighter
748,Joeann,Ophelia,Joeann.Ophelia@demo.com,71,doctor
749,Cyb,Wooster,Cyb.Wooster@demo.com,55,worker
750,Oralee,Catie,Oralee.Catie@demo.com,28,doctor
751,Wynne,Ashely,Wynne.Ashely@demo.com,49,firefighter
752,Shandie,Karna,Shandie.Karna@demo.com,50,police officer
753,Brooks,Ardeha,Brooks.Ardeha@demo.com,72,developer
754,Cissiee,Lalitta,Cissiee.Lalitta@demo.com,78,doctor
755,Luci,Connelly,Luci.Connelly@demo.com,50,doctor
756,Patricia,Palocz,Patricia.Palocz@demo.com,78,firefighter
757,Merle,Dosia,Merle.Dosia@demo.com,59,firefighter
758,Sophia,Soneson,Sophia.Soneson@demo.com,26,doctor
759,Dale,Paine,Dale.Paine@demo.com,46,police officer
760,Laure,Fleeta,Laure.Fleeta@demo.com,36,firefighter
761,Coral,Klotz,Coral.Klotz@demo.com,33,police officer
762,Corina,Aloise,Corina.Aloise@demo.com,55,firefighter
763,Adele,Gemini,Adele.Gemini@demo.com,59,police officer
764,Ellette,Lacombe,Ellette.Lacombe@demo.com,79,firefighter
765,Halette,Destinee,Halette.Destinee@demo.com,26,police officer
766,Jinny,Halsey,Jinny.Halsey@demo.com,34,developer
767,Cathie,Zamora,Cathie.Zamora@demo.com,72,police officer
768,Dianemarie,Sigfrid,Dianemarie.Sigfrid@demo.com,78,firefighter
769,Leona,Tybald,Leona.Tybald@demo.com,30,doctor
770,Fina,Oriana,Fina.Oriana@demo.com,60,firefighter
771,Barbara,Westphal,Barbara.Westphal@demo.com,46,doctor
772,Jenilee,Erb,Jenilee.Erb@demo.com,37,worker
773,Raquela,Mehalek,Raquela.Mehalek@demo.com,52,doctor
774,Robinia,Glovsky,Robinia.Glovsky@demo.com,32,doctor
775,Almeta,Wilona,Almeta.Wilona@demo.com,71,doctor
776,Elbertina,Hieronymus,Elbertina.Hieronymus@demo.com,59,developer
777,Karly,Leler,Karly.Leler@demo.com,75,worker
778,Sadie,Pitt,Sadie.Pitt@demo.com,81,police officer
779,Maisey,Stoller,Maisey.Stoller@demo.com,79,firefighter
780,Dulcinea,Percy,Dulcinea.Percy@demo.com,46,developer
781,Renae,Natica,Renae.Natica@demo.com,41,police officer
782,Lynde,Kesley,Lynde.Kesley@demo.com,45,worker
783,Renie,Cavan,Renie.Cavan@demo.com,75,firefighter
784,Livvyy,Slifka,Livvyy.Slifka@demo.com,62,doctor
785,Melisent,Alexandr,Melisent.Alexandr@demo.com,37,developer
786,Sidoney,Dahlia,Sidoney.Dahlia@demo.com,77,developer
787,Barbi,Ciapas,Barbi.Ciapas@demo.com,57,developer
788,Pierette,Anderea,Pierette.Anderea@demo.com,69,firefighter
789,Hayley,Sasnett,Hayley.Sasnett@demo.com,21,worker
790,Tobe,Rese,Tobe.Rese@demo.com,77,doctor
791,Gusty,Gaspard,Gusty.Gaspard@demo.com,21,firefighter
792,Misha,Andrel,Misha.Andrel@demo.com,51,developer
793,Alexine,Naor,Alexine.Naor@demo.com,57,developer
794,Charissa,Blake,Charissa.Blake@demo.com,59,police officer
795,Yolane,Markman,Yolane.Markman@demo.com,72,developer
796,Madelle,Ricki,Madelle.Ricki@demo.com,40,worker
797,Emma,Alva,Emma.Alva@demo.com,23,police officer
798,Zaria,Newell,Zaria.Newell@demo.com,65,developer
799,Deane,Erlandson,Deane.Erlandson@demo.com,63,police officer
800,Linet,Damarra,Linet.Damarra@demo.com,63,developer
801,Valeda,Capello,Valeda.Capello@demo.com,74,police officer
802,Tybie,Salvidor,Tybie.Salvidor@demo.com,68,police officer
803,Livvyy,Goerke,Livvyy.Goerke@demo.com,21,developer
804,Joeann,Lamoree,Joeann.Lamoree@demo.com,65,developer
805,Bibby,Zina,Bibby.Zina@demo.com,36,police officer
806,Dede,Rooney,Dede.Rooney@demo.com,32,police officer
807,Shel,Giff,Shel.Giff@demo.com,24,worker
808,Kimmy,Peti,Kimmy.Peti@demo.com,73,worker
809,Elvira,Tillford,Elvira.Tillford@demo.com,30,developer
810,Fredericka,Hurley,Fredericka.Hurley@demo.com,36,firefighter
811,Daphne,Merriott,Daphne.Merriott@demo.com,28,developer
812,Jerry,Darbie,Jerry.Darbie@demo.com,43,doctor
813,Penelopa,Mich,Penelopa.Mich@demo.com,67,police officer
814,Elfreda,Marcellus,Elfreda.Marcellus@demo.com,44,police officer
815,Shandie,Barbey,Shandie.Barbey@demo.com,40,developer
816,Mildrid,Huggins,Mildrid.Huggins@demo.com,52,police officer
817,Annora,Leffen,Annora.Leffen@demo.com,23,doctor
818,Kimberley,An,Kimberley.An@demo.com,58,firefighter
819,Isa,Pip,Isa.Pip@demo.com,48,doctor
820,Lynea,Millda,Lynea.Millda@demo.com,43,firefighter
821,Cyb,Mendez,Cyb.Mendez@demo.com,52,doctor
822,Sissy,Hillel,Sissy.Hillel@demo.com,72,worker
823,Maud,Glovsky,Maud.Glovsky@demo.com,60,developer
824,Carolina,Eno,Carolina.Eno@demo.com,76,doctor
825,Pierette,Crudden,Pierette.Crudden@demo.com,77,police officer
826,Ezmeralda,Lattie,Ezmeralda.Lattie@demo.com,64,doctor
827,Caryl,Ortrude,Caryl.Ortrude@demo.com,42,worker
828,Vita,Alfons,Vita.Alfons@demo.com,63,developer
829,Florencia,Ferrell,Florencia.Ferrell@demo.com,77,doctor
830,Sibella,Sherrie,Sibella.Sherrie@demo.com,43,firefighter
831,Ninnetta,Henebry,Ninnetta.Henebry@demo.com,31,police officer
832,Emilia,Vins,Emilia.Vins@demo.com,80,developer
833,Kenna,Alejoa,Kenna.Alejoa@demo.com,56,police officer
834,Melina,Chinua,Melina.Chinua@demo.com,81,worker
835,Johna,Zamora,Johna.Zamora@demo.com,41,firefighter
836,Jany,Travax,Jany.Travax@demo.com,43,developer
837,Grier,Rurik,Grier.Rurik@demo.com,57,worker
838,Dania,Delacourt,Dania.Delacourt@demo.com,43,police officer
839,Margalo,Bandeen,Margalo.Bandeen@demo.com,65,police officer
840,Adore,Olin,Adore.Olin@demo.com,41,firefighter
841,Darlleen,Moseley,Darlleen.Moseley@demo.com,69,doctor
842,Sybille,Malvino,Sybille.Malvino@demo.com,60,developer
843,Ardeen,Fitzsimmons,Ardeen.Fitzsimmons@demo.com,30,worker
844,Marguerite,Eben,Marguerite.Eben@demo.com,70,firefighter
845,Merci,Kalinda,Merci.Kalinda@demo.com,22,worker
846,Gusella,Magnolia,Gusella.Magnolia@demo.com,48,doctor
847,Lelah,Jefferey,Lelah.Jefferey@demo.com,53,worker
848,Clementine,Amethist,Clementine.Amethist@demo.com,44,firefighter
849,Taffy,Fontana,Taffy.Fontana@demo.com,72,police officer
850,Mildrid,Harned,Mildrid.Harned@demo.com,41,police officer
851,Morganica,Hartnett,Morganica.Hartnett@demo.com,28,doctor
852,Elbertina,Muriel,Elbertina.Muriel@demo.com,76,firefighter
853,Michaelina,Sparhawk,Michaelina.Sparhawk@demo.com,38,developer
854,Sophia,Pip,Sophia.Pip@demo.com,25,firefighter
855,Tiffie,Terrence,Tiffie.Terrence@demo.com,66,firefighter
856,Nataline,Carlson,Nataline.Carlson@demo.com,22,police officer
857,Katleen,Sundin,Katleen.Sundin@demo.com,64,doctor
858,Shaine,Trey,Shaine.Trey@demo.com,73,worker
859,Carmela,Rugen,Carmela.Rugen@demo.com,64,doctor
860,Gaylene,Keily,Gaylene.Keily@demo.com,25,doctor
861,Hyacinthe,Vittoria,Hyacinthe.Vittoria@demo.com,43,developer
862,Dianemarie,Penelopa,Dianemarie.Penelopa@demo.com,75,police officer
863,Alexine,Horan,Alexine.Horan@demo.com,44,doctor
864,Harrietta,Glovsky,Harrietta.Glovsky@demo.com,77,police officer
865,Shell,Ilka,Shell.Ilka@demo.com,38,worker
866,Ernesta,Baylor,Ernesta.Baylor@demo.com,29,developer
867,Barbi,Ade,Barbi.Ade@demo.com,62,worker
868,Concettina,Jammal,Concettina.Jammal@demo.com,29,worker
869,Viki,Kravits,Viki.Kravits@demo.com,77,firefighter
870,Ana,Keelia,Ana.Keelia@demo.com,57,police officer
871,Sybille,Gaynor,Sybille.Gaynor@demo.com,44,developer
872,Ninnetta,Chauncey,Ninnetta.Chauncey@demo.com,64,developer
873,Jolyn,Hebner,Jolyn.Hebner@demo.com,72,doctor
874,Marleah,Gabrielli,Marleah.Gabrielli@demo.com,23,worker
875,Dacia,Yoko,Dacia.Yoko@demo.com,52,doctor
876,Annice,Kannry,Annice.Kannry@demo.com,23,firefighter
877,Robbi,Lane,Robbi.Lane@demo.com,46,police officer
878,Candi,Boehike,Candi.Boehike@demo.com,59,worker
879,Olwen,Euridice,Olwen.Euridice@demo.com,27,firefighter
880,Fernande,Bryna,Fernande.Bryna@demo.com,27,worker
881,Queenie,Aurelio,Queenie.Aurelio@demo.com,33,developer
882,Danika,Adore,Danika.Adore@demo.com,55,doctor
883,Hyacinthe,Mitzi,Hyacinthe.Mitzi@demo.com,67,police officer
884,Xylina,Sholley,Xylina.Sholley@demo.com,73,worker
885,Linzy,Dannye,Linzy.Dannye@demo.com,35,worker
886,Melanie,Jalbert,Melanie.Jalbert@demo.com,43,firefighter
887,Miquela,Suk,Miquela.Suk@demo.com,75,firefighter
888,Reeba,Maisey,Reeba.Maisey@demo.com,56,worker
889,Nicoli,Yerkovich,Nicoli.Yerkovich@demo.com,23,worker
890,Abbie,Orpah,Abbie.Orpah@demo.com,71,developer
891,Romona,Cosenza,Romona.Cosenza@demo.com,54,firefighter
892,Gerrie,Pearse,Gerrie.Pearse@demo.com,44,developer
893,Wendi,Harday,Wendi.Harday@demo.com,75,police officer
894,Cacilie,Marsden,Cacilie.Marsden@demo.com,36,developer
895,Misha,Pelagias,Misha.Pelagias@demo.com,55,police officer
896,Sandie,Annice,Sandie.Annice@demo.com,37,doctor
897,Ivett,Girardo,Ivett.Girardo@demo.com,52,police officer
898,Audrie,Ries,Audrie.Ries@demo.com,59,developer
899,Lisette,Anderea,Lisette.Anderea@demo.com,38,developer
900,Anallese,Baylor,Anallese.Baylor@demo.com,44,firefighter
901,Thalia,Modie,Thalia.Modie@demo.com,20,police officer
902,Talya,Ehrman,Talya.Ehrman@demo.com,41,firefighter
903,Sissy,Seagraves,Sissy.Seagraves@demo.com,49,worker
904,Dorthy,Pelagias,Dorthy.Pelagias@demo.com,68,worker
905,Tabbatha,Percy,Tabbatha.Percy@demo.com,33,firefighter
906,Gertrud,Goth,Gertrud.Goth@demo.com,26,developer
907,Malina,Old,Malina.Old@demo.com,43,worker
908,Jenda,Deegan,Jenda.Deegan@demo.com,79,worker
909,Phedra,Parette,Phedra.Parette@demo.com,26,worker
910,Lily,Melleta,Lily.Melleta@demo.com,65,firefighter
911,Kittie,Cloris,Kittie.Cloris@demo.com,78,doctor
912,Stacey,Nickola,Stacey.Nickola@demo.com,75,police officer
913,Lyssa,Stephie,Lyssa.Stephie@demo.com,54,doctor
914,Corly,Phi,Corly.Phi@demo.com,33,worker
915,Anallese,Giff,Anallese.Giff@demo.com,24,firefighter
916,Jessy,Kimmie,Jessy.Kimmie@demo.com,75,worker
917,Patricia,Fabiola,Patricia.Fabiola@demo.com,49,doctor
918,Britni,Sammons,Britni.Sammons@demo.com,32,police officer
919,Kenna,Evvie,Kenna.Evvie@demo.com,51,developer
920,Catharine,Johanna,Catharine.Johanna@demo.com,47,doctor
921,Tybie,Chapland,Tybie.Chapland@demo.com,35,developer
922,Gale,Christine,Gale.Christine@demo.com,63,police officer
923,Gilligan,Bakerman,Gilligan.Bakerman@demo.com,47,doctor
924,Alisha,Joeann,Alisha.Joeann@demo.com,79,firefighter
925,Phylis,Margarete,Phylis.Margarete@demo.com,41,firefighter
926,Delilah,Valerio,Delilah.Valerio@demo.com,45,developer
927,Clarice,Curren,Clarice.Curren@demo.com,70,firefighter
928,Roslyn,Prober,Roslyn.Prober@demo.com,42,developer
929,Kirbee,Infield,Kirbee.Infield@demo.com,46,doctor
930,Ardeen,Kaete,Ardeen.Kaete@demo.com,53,worker
931,Kamilah,An,Kamilah.An@demo.com,34,firefighter
932,Carilyn,Sigfrid,Carilyn.Sigfrid@demo.com,21,developer
933,Shel,Cloris,Shel.Cloris@demo.com,56,developer
934,Linzy,Meter,Linzy.Meter@demo.com,35,worker
935,Tiffie,Estella,Tiffie.Estella@demo.com,53,firefighter
936,Vivia,Guildroy,Vivia.Guildroy@demo.com,21,firefighter
937,Pearline,Demitria,Pearline.Demitria@demo.com,58,police officer
938,Dotty,Hollingsworth,Dotty.Hollingsworth@demo.com,29,worker
939,Florie,Reinke,Florie.Reinke@demo.com,32,worker
940,Elie,Odell,Elie.Odell@demo.com,53,worker
941,Lila,Leopold,Lila.Leopold@demo.com,22,police officer
942,Hope,Roarke,Hope.Roarke@demo.com,55,firefighter
943,Netty,Thunell,Netty.Thunell@demo.com,69,worker
944,Marsiella,Ortrude,Marsiella.Ortrude@demo.com,52,firefighter
945,Dulce,Garbe,Dulce.Garbe@demo.com,21,firefighter
946,Annabela,Cath,Annabela.Cath@demo.com,68,worker
947,Pollyanna,Nahum,Pollyanna.Nahum@demo.com,67,worker
948,Sheree,Dudley,Sheree.Dudley@demo.com,28,worker
949,Elsie,Lipson,Elsie.Lipson@demo.com,32,doctor
950,Carlie,Christine,Carlie.Christine@demo.com,70,firefighter
951,Consuela,My,Consuela.My@demo.com,21,worker
952,Etta,Abbot,Etta.Abbot@demo.com,40,worker
953,Deane,Vharat,Deane.Vharat@demo.com,47,worker
954,Cam,Penelopa,Cam.Penelopa@demo.com,50,developer
955,Dawn,Devlen,Dawn.Devlen@demo.com,75,firefighter
956,Jorry,Fiester,Jorry.Fiester@demo.com,63,firefighter
957,Winifred,Primalia,Winifred.Primalia@demo.com,27,developer
958,Paulita,Macey,Paulita.Macey@demo.com,55,doctor
959,Andree,Stelle,Andree.Stelle@demo.com,73,firefighter
960,Almeta,Whittaker,Almeta.Whittaker@demo.com,64,worker
961,Gilda,Presber,Gilda.Presber@demo.com,61,doctor
962,Tybie,Kirstin,Tybie.Kirstin@demo.com,54,firefighter
963,Ketti,Sothena,Ketti.Sothena@demo.com,62,worker
964,Fawne,Sekofski,Fawne.Sekofski@demo.com,38,police officer
965,Stevana,Marisa,Stevana.Marisa@demo.com,25,firefighter
966,Jaclyn,Cordi,Jaclyn.Cordi@demo.com,49,police officer
967,Janeczka,Taam,Janeczka.Taam@demo.com,59,doctor
968,Jerry,Cullin,Jerry.Cullin@demo.com,80,developer
969,Genovera,Raseda,Genovera.Raseda@demo.com,22,doctor
970,Goldie,Wesle,Goldie.Wesle@demo.com,42,worker
971,Rochette,Schroth,Rochette.Schroth@demo.com,43,developer
972,Estell,Fax,Estell.Fax@demo.com,60,firefighter
973,Janenna,Schalles,Janenna.Schalles@demo.com,33,police officer
974,Barbi,Creamer,Barbi.Creamer@demo.com,24,developer
975,Mara,Braun,Mara.Braun@demo.com,39,firefighter
976,Frieda,Publia,Frieda.Publia@demo.com,35,developer
977,Elise,Niccolo,Elise.Niccolo@demo.com,65,firefighter
978,Ernesta,Marijo,Ernesta.Marijo@demo.com,27,firefighter
979,Melina,Camden,Melina.Camden@demo.com,48,worker
980,Kore,Kalinda,Kore.Kalinda@demo.com,51,police officer
981,Paulita,O'Neill,Paulita.O'Neill@demo.com,24,police officer
982,Nickie,Nea,Nickie.Nea@demo.com,68,firefighter
983,Johna,Kronfeld,Johna.Kronfeld@demo.com,52,firefighter
984,Brana,Daveta,Brana.Daveta@demo.com,76,doctor
985,Donetta,Shields,Donetta.Shields@demo.com,66,firefighter
986,Cacilie,Corrine,Cacilie.Corrine@demo.com,43,doctor
987,Rhea,Ursulette,Rhea.Ursulette@demo.com,75,firefighter
988,Selia,Gaal,Selia.Gaal@demo.com,26,police officer
989,Minne,Tamsky,Minne.Tamsky@demo.com,61,developer
990,Agathe,Cristi,Agathe.Cristi@demo.com,76,worker
991,Wileen,Bennie,Wileen.Bennie@demo.com,37,firefighter
992,Ursulina,Joseph,Ursulina.Joseph@demo.com,66,developer
993,Valera,Damarra,Valera.Damarra@demo.com,63,developer
994,Kimberley,Kosey,Kimberley.Kosey@demo.com,51,worker
995,Eolanda,Gower,Eolanda.Gower@demo.com,42,police officer
996,Joleen,Chick,Joleen.Chick@demo.com,47,worker
997,Lusa,Thema,Lusa.Thema@demo.com,20,developer
998,Ida,Tiffa,Ida.Tiffa@demo.com,29,doctor
999,Wileen,Braun,Wileen.Braun@demo.com,23,doctor
1000,Mariann,Douglass,Mariann.Douglass@demo.com,48,firefighter
